City_ID,City,Lat,Lon,Max Temp,Humidity,Cloudiness,Wind Speed,Country,Date
0,Vardø,70.37,31.11,40.23,78,100,15.39,NO,1593470676
1,Iqaluit,63.75,-68.51,37.4,86,75,16.11,CA,1593470676
2,Västerås,59.62,16.55,62.01,72,100,2.77,SE,1593470676
3,Ushuaia,-54.8,-68.3,35.6,64,75,9.17,AR,1593470676
4,Upernavik,72.79,-56.15,39.76,74,93,7.87,GL,1593470677
5,Ponta Delgada,37.73,-25.67,69.8,88,75,9.17,PT,1593470677
6,Rikitea,-23.12,-134.97,68.27,60,38,14.12,PF,1593470677
7,Puerto Carreño,6.19,-67.49,80.2,80,77,5.03,CO,1593470677
8,Nyimba,-14.56,30.81,70.34,47,64,9.46,ZM,1593470677
9,Boa Vista,2.82,-60.67,82.4,69,40,3.36,BR,1593470677
10,George Town,5.41,100.34,78.8,94,20,2.24,MY,1593470380
11,São Filipe,14.9,-24.5,76.6,69,2,10.09,CV,1593470677
12,Grindavik,63.84,-22.43,51.8,93,75,11.41,IS,1593470677
13,Bluff,-46.6,168.33,48.85,86,100,16.71,NZ,1593470677
14,Touros,-5.2,-35.46,77.0,83,75,3.36,BR,1593470678
15,Faanui,-16.48,-151.75,77.94,76,81,25.99,PF,1593470678
16,Praia da Vitória,38.73,-27.07,69.8,88,75,10.78,PT,1593470485
17,Kruisfontein,-34.0,24.73,52.83,90,3,9.55,ZA,1593470678
18,Chui,-33.7,-53.46,53.71,80,100,10.13,UY,1593470678
19,Khatanga,71.97,102.5,78.85,48,29,6.24,RU,1593470678
20,Hobart,-42.88,147.33,43.0,87,20,9.17,AU,1593470598
21,Kapaa,22.08,-159.32,84.2,70,75,12.75,US,1593470678
22,Avarua,-21.21,-159.78,77.0,65,24,21.92,CK,1593470678
23,Manono,-7.3,27.42,73.36,42,19,3.78,CD,1593470679
24,Butaritari,3.07,172.79,83.08,64,99,5.55,KI,1593470679
25,Bethel,41.37,-73.41,73.4,73,75,9.17,US,1593470679
26,Ostrovnoy,68.05,39.51,42.53,84,74,9.19,RU,1593470679
27,Oranjemund,-28.55,16.43,58.05,57,0,7.43,NA,1593470679
28,Punta Arenas,-53.15,-70.92,28.4,92,40,4.7,CL,1593470428
29,Weligama,5.97,80.42,80.28,87,100,11.43,LK,1593470679
30,Malakal,9.53,31.66,80.06,65,97,4.14,SS,1593470679
31,Huejuquilla el Alto,22.6,-103.87,77.41,46,73,6.49,MX,1593470679
32,Bambous Virieux,-20.34,57.76,69.01,94,75,8.99,MU,1593470679
33,Tasiilaq,65.61,-37.64,50.0,57,100,16.11,GL,1593470680
34,Victor Harbor,-35.57,138.62,50.0,66,58,3.0,AU,1593470680
35,Cape Town,-33.93,18.42,59.0,100,12,2.24,ZA,1593470680
36,Saskylakh,71.92,114.08,83.46,34,50,9.55,RU,1593470680
37,Kavieng,-2.57,150.8,84.22,72,44,9.42,PG,1593470680
38,Henties Bay,-22.12,14.28,55.99,86,0,1.99,NA,1593470680
39,Katsuura,35.13,140.3,77.0,78,75,8.05,JP,1593470680
40,Les Escoumins,48.11,-69.02,61.92,92,98,4.97,CA,1593470680
41,Imeni Poliny Osipenko,52.42,136.49,61.05,66,12,3.13,RU,1593470680
42,Pangoa,-12.12,-73.0,71.56,82,41,1.66,PE,1593470680
43,Busselton,-33.65,115.33,57.99,73,27,18.95,AU,1593470681
44,Eyl,7.98,49.82,80.89,69,83,22.75,SO,1593470681
45,Albany,42.6,-73.97,73.0,83,70,5.95,US,1593470577
46,Puerto Ayora,-0.74,-90.35,73.99,81,62,5.99,EC,1593470681
47,Thompson,55.74,-97.86,55.4,87,90,13.87,CA,1593470402
48,Hilo,19.73,-155.09,80.6,69,90,10.98,US,1593470418
49,Ballina,-28.87,153.57,55.4,93,26,6.93,AU,1593470681
50,Saint Paul Harbor,57.79,-152.41,62.6,59,1,6.93,US,1593470681
51,Ust'-Koksa,50.27,85.61,51.08,65,100,1.25,RU,1593470681
52,Hithadhoo,-0.6,73.08,84.18,66,36,2.68,MV,1593470682
53,Medford,42.33,-122.88,79.0,31,20,8.05,US,1593470592
54,Cam Ranh,11.92,109.16,80.6,74,75,1.12,VN,1593470506
55,Mataura,-46.19,168.86,42.75,93,100,6.22,NZ,1593470682
56,Dillon,34.42,-79.37,91.99,55,1,3.36,US,1593470682
57,Paamiut,61.99,-49.67,39.24,92,17,12.68,GL,1593470682
58,Maceió,-9.67,-35.74,75.2,83,40,5.82,BR,1593470660
59,Gilgit,35.92,74.31,73.22,30,16,1.52,PK,1593470649
60,NEDJO,9.5,35.5,58.03,96,100,3.8,ET,1593470683
61,Carnarvon,-24.87,113.63,57.2,100,18,6.93,AU,1593470683
62,Kudahuvadhoo,2.67,72.89,83.71,74,39,7.16,MV,1593470683
63,Kahului,20.89,-156.47,89.6,49,40,18.34,US,1593470492
64,Severo-Kuril'sk,50.68,156.12,49.39,92,100,10.71,RU,1593470684
65,Vaini,-21.2,-175.2,77.0,88,40,6.93,TO,1593470684
66,Cockburn Town,21.46,-71.14,82.69,75,0,13.85,TC,1593470684
67,Aldan,58.6,125.39,70.16,50,18,2.59,RU,1593470684
68,Airai,-8.93,125.41,58.91,100,92,3.33,TL,1593470684
69,Portmore,17.97,-76.87,86.0,79,75,18.34,JM,1593470577
70,Keti Bandar,24.14,67.45,86.58,75,70,13.96,PK,1593470684
71,East London,-33.02,27.91,63.05,70,66,19.75,ZA,1593470684
72,Hammerfest,70.66,23.68,41.0,80,96,28.86,NO,1593470684
73,Souillac,-20.52,57.52,68.0,94,75,8.23,MU,1593470685
74,Yellowknife,62.46,-114.35,75.0,32,20,11.41,CA,1593470421
75,Tonantins,-2.87,-67.8,76.23,89,79,1.19,BR,1593470685
76,Carutapera,-1.2,-46.02,76.66,90,11,6.51,BR,1593470685
77,Hermanus,-34.42,19.23,50.0,95,21,1.01,ZA,1593470685
78,Dingle,11.0,122.67,78.87,83,98,1.99,PH,1593470685
79,San Andrés,12.58,-81.7,86.0,74,90,14.99,CO,1593470685
80,Vostok,46.49,135.88,63.5,84,38,1.72,RU,1593470685
81,Magadan,59.57,150.8,50.92,92,99,7.18,RU,1593470685
82,Yiyang,28.59,112.33,74.61,96,100,1.12,CN,1593470686
83,Mabaruma,8.2,-59.78,75.81,90,56,3.94,GY,1593470686
84,Chokurdakh,70.63,147.92,50.36,48,100,5.3,RU,1593470686
85,Nantucket,41.28,-70.1,66.2,88,90,6.93,US,1593470686
86,Cabo San Lucas,22.89,-109.91,82.4,61,90,9.17,MX,1593470659
87,Saint-Augustin,51.23,-58.65,60.51,75,1,7.14,CA,1593470583
88,Hobyo,5.35,48.53,78.55,78,25,24.16,SO,1593470686
89,Paredon,16.03,-93.87,86.0,69,54,4.14,MX,1593470686
90,Wanning,18.8,110.4,81.05,86,100,5.21,CN,1593470686
91,Qaanaaq,77.48,-69.36,43.36,62,1,2.3,GL,1593470687
92,Yuxia,34.06,108.63,77.0,88,0,4.47,CN,1593470687
93,Jamestown,42.1,-79.24,78.8,50,1,6.93,US,1593470403
94,Ranong,9.97,98.63,80.01,80,100,3.4,TH,1593470405
95,Saint-Philippe,-21.36,55.77,68.0,68,40,8.05,RE,1593470687
96,Antalaha,-14.9,50.28,67.66,85,4,5.91,MG,1593470687
97,Kharp,66.8,65.81,44.89,87,99,7.29,RU,1593470687
98,Rio Grande,-32.03,-52.1,55.99,93,100,3.0,BR,1593470497
99,Hov,60.7,10.35,46.99,93,88,1.01,NO,1593470687
100,Amapá,1.0,-52.0,73.9,98,76,3.29,BR,1593470688
101,Bredasdorp,-34.53,20.04,46.4,93,25,4.7,ZA,1593470688
102,Yulara,-25.24,130.99,37.4,44,0,5.82,AU,1593470688
103,Pindiga,9.98,10.93,70.03,97,99,5.64,NG,1593470688
104,Cairns,-16.92,145.77,71.01,88,75,6.93,AU,1593470626
105,Barrow,71.29,-156.79,42.8,75,1,14.99,US,1593470688
106,Vokhtoga,58.81,41.05,47.66,87,87,0.76,RU,1593470688
107,Hambantota,6.12,81.12,78.8,100,88,6.93,LK,1593470688
108,Ulladulla,-35.35,150.47,46.99,100,20,6.93,AU,1593470688
109,Muramatsu,37.68,139.18,70.0,88,75,4.7,JP,1593470688
110,Hofn,64.25,-15.21,50.2,70,80,17.34,IS,1593470689
111,Los Llanos de Aridane,28.66,-17.92,73.4,73,75,17.22,ES,1593470689
112,Codrington,-38.27,141.97,44.91,83,43,13.2,AU,1593470689
113,Lüderitz,-26.65,15.16,57.2,58,0,3.36,NA,1593470689
114,Castro,-24.79,-50.01,53.38,96,29,6.71,BR,1593470689
115,Edd,13.93,41.69,90.55,52,85,5.21,ER,1593470689
116,Karratha,-20.74,116.85,68.27,51,45,10.16,AU,1593470689
117,Dikson,73.51,80.55,49.68,75,3,18.99,RU,1593470690
118,Puerto Escondido,15.85,-97.07,86.0,74,75,2.93,MX,1593470690
119,Esim,4.87,-2.24,75.92,87,68,10.07,GH,1593470690
120,Codajás,-3.84,-62.06,75.7,92,59,0.74,BR,1593470690
121,Noumea,-22.28,166.46,68.0,82,75,6.93,NC,1593470690
122,Port Lincoln,-34.73,135.87,54.72,74,19,13.76,AU,1593470690
123,Ancud,-41.87,-73.82,48.99,93,99,4.7,CL,1593470690
124,Banda Aceh,5.56,95.32,78.87,77,100,7.94,ID,1593470690
125,Saldanha,-33.01,17.94,51.8,87,9,3.36,ZA,1593470690
126,Quatre Cocos,-20.21,57.76,69.01,94,75,9.44,MU,1593470690
127,Talnakh,69.49,88.4,59.0,67,94,13.42,RU,1593470691
128,Hailar,49.2,119.7,65.62,69,99,10.67,CN,1593470691
129,Tuktoyaktuk,69.45,-133.04,57.2,62,20,10.29,CA,1593470691
130,Fortuna,40.6,-124.16,66.2,59,40,11.41,US,1593470691
131,Kaitangata,-46.28,169.85,46.0,73,100,8.99,NZ,1593470691
132,Pangnirtung,66.15,-65.71,41.0,86,40,13.87,CA,1593470620
133,Sorong,-0.88,131.25,77.97,85,100,7.02,ID,1593470691
134,Dolo,45.43,12.07,73.99,78,63,3.0,IT,1593470691
135,Aksu,41.12,80.26,63.9,32,21,3.06,CN,1593470691
136,Ozernovskiy,51.5,156.52,50.92,87,100,4.05,RU,1593470691
137,Ayna,-12.65,-73.92,61.59,73,48,0.98,PE,1593470692
138,Lavrentiya,65.58,-171.0,44.24,69,66,8.52,RU,1593470692
139,Ukiah,39.15,-123.21,89.6,17,1,9.17,US,1593470692
140,Itako,35.93,140.55,75.2,83,75,8.05,JP,1593470692
141,Mossamedes,-15.2,12.15,67.96,68,0,3.38,AO,1593470692
142,Bubaque,11.28,-15.83,81.72,82,32,12.95,GW,1593470692
143,Kaseda-shirakame,31.42,130.32,78.8,83,90,20.8,JP,1593470692
144,Labuhan,-6.88,112.21,75.72,86,28,6.64,ID,1593470692
145,Ilhabela,-23.78,-45.36,68.14,83,100,12.95,BR,1593470692
146,Rørvik,64.86,11.24,56.66,91,100,17.92,NO,1593470692
147,Brae,60.4,-1.35,55.4,87,15,19.46,GB,1593470693
148,Klaksvík,62.23,-6.59,53.6,87,100,11.41,FO,1593470693
149,Palembang,-2.92,104.75,72.82,96,20,3.67,ID,1593470693
150,Mosbach,49.35,9.14,61.0,88,10,5.88,DE,1593470693
151,Tezu,27.92,96.17,75.92,83,67,2.15,IN,1593470693
152,Tiksi,71.69,128.87,47.82,58,59,9.15,RU,1593470693
153,Hong Kong,22.29,114.16,84.99,79,95,4.0,HK,1593470452
154,Saint George,37.1,-113.58,82.0,14,40,9.17,US,1593470415
155,Sørland,67.67,12.69,46.4,81,20,41.38,NO,1593470693
156,Lundazi,-12.29,33.18,62.83,72,19,11.21,ZM,1593470693
157,Yakymivka,46.69,35.15,69.84,73,4,4.21,UA,1593470694
158,Atuona,-9.8,-139.03,79.93,79,12,17.45,PF,1593470694
159,Benoy,8.98,16.32,72.43,92,100,5.17,TD,1593470694
160,Hirara,24.8,125.28,84.2,88,75,16.11,JP,1593470694
161,Provideniya,64.38,-173.3,44.6,70,40,17.9,RU,1593470694
162,Avera,33.19,-82.53,95.0,44,40,6.93,US,1593470694
163,Sisimiut,66.94,-53.67,43.34,78,10,7.78,GL,1593470663
164,Shakiso,5.75,38.92,59.58,90,99,1.66,ET,1593470694
165,Manaure,11.78,-72.44,85.41,60,86,19.51,CO,1593470695
166,Smiltene,57.42,25.9,64.99,92,100,2.95,LV,1593470695
167,Departamento de Maldonado,-34.67,-54.92,51.8,81,49,11.41,UY,1593470695
168,Fayaoué,-20.65,166.53,70.23,62,0,17.56,NC,1593470695
169,Sulangan,11.14,123.72,78.64,87,100,16.49,PH,1593470695
170,Laguna,38.42,-121.42,89.01,16,1,8.05,US,1593470695
171,Vila Franca do Campo,37.72,-25.43,69.8,88,75,9.17,PT,1593470695
172,Presidencia Roque Sáenz Peña,-26.79,-60.44,61.7,80,100,6.73,AR,1593470695
173,Pevek,69.7,170.31,33.37,94,6,11.23,RU,1593470695
174,Ikom,5.97,8.71,72.32,98,100,2.19,NG,1593470695
175,Bridlington,54.08,-0.19,55.99,93,41,18.34,GB,1593470696
176,Tzaneen,-23.83,30.16,44.6,52,0,11.41,ZA,1593470696
177,Taunggyi,20.78,97.03,62.38,100,98,2.62,MM,1593470692
178,Kungurtug,50.6,97.52,59.34,62,0,1.41,RU,1593470696
179,Cidreira,-30.18,-50.21,60.69,90,100,19.28,BR,1593470521
180,Torbay,47.67,-52.73,63.0,82,75,13.87,CA,1593470696
181,Port Hedland,-20.32,118.57,55.4,76,69,5.82,AU,1593470696
182,Kingston,18.0,-76.79,86.0,79,75,18.34,JM,1593470582
183,San Policarpo,12.18,125.51,78.98,84,76,6.69,PH,1593470696
184,Nioro,13.35,-15.75,80.1,71,21,10.94,GM,1593470697
185,Rāy,23.68,85.05,78.84,73,20,6.76,IN,1593470697
186,Karasjok,69.47,25.51,41.0,80,100,21.92,NO,1593470697
187,Sept-Îles,50.2,-66.38,69.8,60,20,10.29,CA,1593470421
188,Levelland,33.59,-102.38,100.4,14,20,18.34,US,1593470697
189,Mount Gambier,-37.83,140.77,46.4,75,40,17.22,AU,1593470697
190,New Norfolk,-42.78,147.06,43.0,93,32,2.55,AU,1593470697
191,Coruripe,-10.13,-36.18,74.43,86,8,7.23,BR,1593470697
192,Caceres,39.52,-6.37,81.0,50,0,1.01,ES,1593470697
193,Norman Wells,65.28,-126.83,78.8,36,75,5.82,CA,1593470698
194,Ursulo Galván,22.73,-98.3,93.0,61,96,1.99,MX,1593470698
195,Changde,29.05,111.68,75.11,93,92,2.39,CN,1593470698
196,Mar del Plata,-38.0,-57.56,50.0,66,100,11.41,AR,1593470465
197,Itoman,26.12,127.67,84.2,89,75,20.8,JP,1593470698
198,Iralaya,15.0,-83.23,84.2,79,40,5.82,HN,1593470698
199,Santa Maria,-29.68,-53.81,54.63,95,100,11.43,BR,1593470698
200,Nador,35.17,-2.93,73.4,83,75,3.36,MA,1593470448
201,Nikolskoye,59.7,30.79,62.01,72,80,6.71,RU,1593470699
202,Sitka,57.05,-135.33,55.4,87,75,5.82,US,1593470699
203,Verkhnevilyuysk,63.45,120.32,74.75,49,0,2.57,RU,1593470699
204,Arraial do Cabo,-22.97,-42.03,69.84,73,45,17.34,BR,1593470699
205,Tigil',57.8,158.67,65.39,55,0,5.12,RU,1593470699
206,Cabo Rojo,18.09,-67.15,82.0,88,37,1.01,PR,1593470699
207,San Lazaro,18.04,-88.66,89.6,66,5,11.41,BZ,1593470699
208,Wau,7.7,28.0,72.95,85,47,3.31,SS,1593470699
209,San Fernando,15.03,120.69,77.0,88,75,2.24,PH,1593470699
210,Lae,-6.72,146.98,75.2,78,20,3.36,PG,1593470699
211,Ribeira Grande,38.52,-28.7,68.13,94,34,6.46,PT,1593470700
212,Harindānga,22.04,88.32,80.6,94,40,3.36,IN,1593470700
213,Shingū,33.73,135.98,68.22,94,100,2.51,JP,1593470700
214,Abdulino,53.7,53.67,45.09,93,0,5.79,RU,1593470700
215,Shelbyville,35.48,-86.46,73.99,100,20,1.77,US,1593470506
216,Qasigiannguit,68.82,-51.19,41.0,80,79,8.05,GL,1593470700
217,Līsakovsk,52.54,62.49,54.43,78,100,5.66,KZ,1593470700
218,Kaili,-3.46,120.21,68.94,84,94,1.81,ID,1593470700
219,Cahul,45.91,28.19,73.67,62,2,3.8,MD,1593470701
220,Jumla,29.27,82.18,60.75,68,58,1.1,NP,1593470701
221,Palana,59.12,159.97,50.85,86,97,6.26,RU,1593470701
222,Patawag,8.11,122.62,78.53,81,97,4.36,PH,1593470701
223,Tateyama,34.98,139.87,77.0,78,75,8.05,JP,1593470701
224,Martapura,-3.42,114.85,73.6,94,14,1.01,ID,1593470701
225,Esperance,-33.87,121.9,48.2,87,3,16.11,AU,1593470460
226,Doha,25.29,51.53,89.6,62,0,3.36,QA,1593470404
227,Ulkan,57.24,107.32,69.21,59,0,3.44,RU,1593470702
228,Puerto El Triunfo,13.28,-88.55,96.8,47,20,3.36,SV,1593470702
229,Honchō,41.88,140.68,64.4,93,75,6.93,JP,1593470702
230,Petropavlovsk-Kamchatskiy,53.05,158.65,57.2,62,100,2.24,RU,1593470702
231,Puerto Baquerizo Moreno,-0.9,-89.6,70.36,83,35,10.29,EC,1593470702
232,Kargopol',61.51,38.95,40.91,85,1,4.07,RU,1593470702
233,Longyearbyen,78.22,15.64,41.0,65,75,11.41,SJ,1593470702
234,Carmarthen,51.86,-4.31,57.2,82,83,25.28,GB,1593470702
235,Gharghoda,22.17,83.35,81.01,76,76,2.08,IN,1593470702
236,Coyhaique,-45.58,-72.07,35.6,95,90,3.36,CL,1593470662
237,Maragogi,-9.01,-35.22,75.04,83,1,5.91,BR,1593470565
238,Tikhvin,59.65,33.53,54.48,71,63,7.94,RU,1593470703
239,Tilichiki,60.47,166.1,51.6,87,100,3.53,RU,1593470703
240,Bardstown,37.81,-85.47,82.99,74,40,6.51,US,1593470618
241,Okhotsk,59.38,143.3,55.58,74,53,0.16,RU,1593470703
242,Tucumã,-0.18,-50.05,77.47,90,23,6.96,BR,1593470703
243,Manggar,-2.88,108.27,81.59,76,22,13.91,ID,1593470703
244,Gambēla,8.25,34.58,70.93,90,99,3.11,ET,1593470703
245,Vila Velha,-20.33,-40.29,68.0,94,90,4.7,BR,1593470410
246,Ketchikan,55.34,-131.65,55.4,87,90,3.36,US,1593470615
247,Chaman,30.92,66.45,76.69,20,0,4.03,PK,1593470645
248,Salalah,17.02,54.09,84.2,89,75,3.36,OM,1593470704
249,Makakilo City,21.35,-158.09,84.2,62,20,12.75,US,1593470447
250,Mount Isa,-20.73,139.5,51.8,62,0,12.68,AU,1593470704
251,Cherskiy,68.75,161.3,47.8,53,24,13.04,RU,1593470704
252,Ust-Tsilma,65.44,52.15,43.43,78,100,6.31,RU,1593470704
253,Ilulissat,69.22,-51.1,41.0,80,69,8.05,GL,1593470705
254,Aberdeen,57.14,-2.1,55.4,87,75,17.22,GB,1593470511
255,Giyani,-23.3,30.72,54.12,82,0,4.03,ZA,1593470705
256,Ponta do Sol,32.67,-17.1,71.6,68,40,8.05,PT,1593470705
257,Acaraú,-2.89,-40.12,78.21,82,37,11.72,BR,1593470705
258,Goderich,43.75,-81.72,73.99,79,1,1.01,CA,1593470705
259,Myitkyina,25.38,97.4,74.82,96,99,0.51,MM,1593470705
260,Nome,64.5,-165.41,48.2,81,90,11.41,US,1593470706
261,Saravan,39.72,45.65,73.4,35,0,6.93,AM,1593470706
262,Tupik,54.43,119.93,62.35,80,61,2.57,RU,1593470706
263,Tautira,-17.73,-149.15,82.4,54,20,5.82,PF,1593470706
264,Port Alfred,-33.59,26.89,57.99,94,53,1.99,ZA,1593470706
265,Pangody,65.85,74.49,53.74,89,98,11.77,RU,1593470511
266,La Rioja,42.25,-2.5,64.4,77,53,1.12,ES,1593470435
267,Teknāf,20.86,92.31,79.3,87,67,6.78,BD,1593470706
268,Klyuchi,52.27,79.17,59.23,63,13,3.15,RU,1593470706
269,Christchurch,-43.53,172.63,48.0,65,86,12.75,NZ,1593470705
270,Balakhninskiy,58.01,114.28,67.44,74,62,1.01,RU,1593470707
271,Anadyr,64.75,177.48,44.6,81,75,11.18,RU,1593470707
272,Lærdal,61.1,7.48,45.0,86,73,3.91,NO,1593470707
273,La Ronge,55.1,-105.28,62.6,72,90,4.7,CA,1593470707
274,Nelson Bay,-32.72,152.15,50.0,100,40,6.93,AU,1593470707
275,Te Anau,-45.42,167.72,41.54,84,95,0.47,NZ,1593470707
276,Ossora,59.24,163.07,58.51,68,98,9.84,RU,1593470707
277,Yonkers,40.93,-73.9,84.2,93,90,8.05,US,1593470678
278,Djibouti,11.5,42.5,96.8,34,1,1.74,DJ,1593470708
279,Ahipara,-35.17,173.17,56.53,82,67,16.78,NZ,1593470708
280,Bengkulu,-3.8,102.27,75.18,89,2,4.59,ID,1593470708
281,Polyarny,69.2,33.45,42.8,93,75,6.71,RU,1593470708
282,Muisne,0.6,-80.03,75.97,88,98,12.88,EC,1593470708
283,Örnsköldsvik,63.29,18.72,55.4,100,90,3.36,SE,1593470708
284,San Patricio,19.22,-104.7,86.0,79,40,11.41,MX,1593470708
285,Nyuksenitsa,60.41,44.24,46.13,73,95,4.07,RU,1593470709
286,Jalu,29.03,21.55,80.62,34,0,13.51,LY,1593470709
287,Nuuk,64.18,-51.72,41.0,80,20,5.82,GL,1593470709
288,Øksfjord,70.24,22.35,44.6,81,100,18.34,NO,1593470709
289,Vao,-22.67,167.48,68.05,55,0,15.99,NC,1593470709
290,Waipawa,-41.41,175.52,50.0,71,93,28.86,NZ,1593470709
291,Krasnosel'kup,65.7,82.47,60.6,58,99,16.91,RU,1593470709
292,Lebu,-37.62,-73.65,51.06,90,60,6.02,CL,1593470710
293,Key West,24.56,-81.78,89.6,62,1,6.93,US,1593470710
294,Wismar,53.9,11.47,60.01,76,20,1.01,DE,1593470710
295,Pemba,-12.97,40.52,75.2,94,20,9.17,MZ,1593470710
296,Broome,42.25,-75.83,78.8,47,75,18.34,US,1593470417
297,Alofi,-19.06,-169.92,79.07,83,67,14.47,NU,1593470710
298,Havre-St-Pierre,50.23,-63.6,62.6,82,1,10.29,CA,1593470710
299,Rodopoli,41.26,23.0,72.0,73,0,1.79,GR,1593470710
300,Mildura,-34.2,142.15,37.99,93,0,4.7,AU,1593470711
301,Simbahan,6.3,120.58,81.95,74,91,7.36,PH,1593470711
302,Songjianghe,42.19,127.48,62.89,85,100,1.68,CN,1593470711
303,Mitsamiouli,-11.38,43.28,77.94,73,23,2.75,KM,1593470711
304,Rincon,32.3,-81.24,96.8,41,40,11.41,US,1593470602
305,Luganville,-15.53,167.17,75.2,83,90,10.29,VU,1593470711
306,Labytnangi,66.66,66.42,46.0,89,100,5.37,RU,1593470711
307,Makat,47.65,53.35,73.24,59,79,7.87,KZ,1593470711
308,Berlevåg,70.86,29.09,39.97,74,77,14.88,NO,1593470711
309,Valle de Banderas,20.8,-105.23,88.0,66,75,10.29,MX,1593470712
310,Vienna,48.21,16.37,64.99,87,0,4.7,AT,1593470415
311,Porto Santo,33.07,-16.34,68.0,88,75,14.99,PT,1593470712
312,Rusape,-18.53,32.13,46.47,92,1,2.95,ZW,1593470712
313,Vidim,56.41,103.11,68.88,60,22,1.36,RU,1593470712
314,Puerto Madero,14.72,-92.42,84.2,89,75,7.2,MX,1593470712
315,Sur,22.57,59.53,85.48,69,20,12.3,OM,1593470712
316,Leningradskiy,69.38,178.42,33.3,94,99,2.13,RU,1593470712
317,Fethiye,36.62,29.12,71.6,88,0,4.09,TR,1593470713
318,Itarema,-2.92,-39.92,78.01,82,39,10.89,BR,1593470713
319,Sabha,27.04,14.43,84.52,21,0,9.66,LY,1593470713
320,Ankang,32.68,109.02,81.0,21,0,18.99,CN,1593470713
321,Narsaq,60.92,-46.05,48.2,66,12,9.17,GL,1593470713
322,Virginia Beach,36.85,-75.98,88.0,42,40,6.93,US,1593470492
323,Praia,14.92,-23.51,77.0,73,20,12.75,CV,1593470713
324,Cururupu,-1.83,-44.87,75.58,93,7,3.56,BR,1593470713
325,São João da Barra,-21.64,-41.05,68.7,75,81,9.44,BR,1593470713
326,Egvekinot,66.32,-179.17,38.57,73,84,4.56,RU,1593470714
327,Kaduy,59.2,37.15,48.33,83,61,3.58,RU,1593470714
328,Mayo,38.89,-76.51,89.01,43,1,8.05,US,1593470714
329,Port Hardy,50.7,-127.42,62.6,72,75,8.05,CA,1593470714
330,Inírida,3.87,-67.92,75.88,95,85,1.43,CO,1593470714
331,Cayenne,4.93,-52.33,77.0,94,96,8.28,GF,1593470714
332,Estevan,49.13,-102.98,77.0,73,1,16.11,CA,1593470714
333,Cabedelo,-6.98,-34.83,75.2,83,76,5.82,BR,1593470714
334,Alghero,40.56,8.32,73.4,94,0,3.36,IT,1593470715
335,Adilabad,19.67,78.53,78.71,81,64,3.56,IN,1593470715
336,Constitución,-35.33,-72.42,51.85,89,1,4.45,CL,1593470715
337,Qaqortoq,60.72,-46.03,48.2,66,4,9.17,GL,1593470676
338,Mahébourg,-20.41,57.7,68.0,94,75,8.88,MU,1593470715
339,Tuatapere,-46.13,167.68,45.41,88,99,6.89,NZ,1593470715
340,Chapais,49.78,-74.85,77.0,53,40,8.05,CA,1593470715
341,San Cristobal,7.77,-72.22,89.6,40,20,14.99,VE,1593470500
342,Sainte-Anne-des-Monts,49.12,-66.49,66.7,72,8,10.71,CA,1593470715
343,Araouane,18.9,-3.53,96.96,18,2,5.99,ML,1593470715
344,Mumbwa,-14.98,27.06,57.52,48,0,4.14,ZM,1593470716
345,Lompoc,34.64,-120.46,70.0,56,0,14.99,US,1593470716
346,Filingué,14.35,3.32,91.15,36,79,2.48,NE,1593470716
347,Severo-Yeniseyskiy,60.37,93.04,49.55,94,7,3.29,RU,1593470716
348,Nokha,27.6,73.42,93.65,41,0,15.68,IN,1593470716
349,Cap Malheureux,-19.98,57.61,69.01,82,0,5.01,MU,1593470716
350,Phalombe,-15.81,35.65,62.69,81,84,4.5,MW,1593470716
351,Poum,-20.23,164.02,70.61,64,0,18.79,NC,1593470716
352,Tura,25.52,90.22,73.65,96,41,4.81,IN,1593470717
353,Balakhta,55.38,91.6,51.96,95,78,4.21,RU,1593470717
354,Nānākuli,21.39,-158.15,84.2,62,20,12.75,US,1593470437
355,Englewood,39.65,-104.99,91.4,10,75,12.75,US,1593470614
356,High Level,58.52,-117.14,73.4,46,75,14.99,CA,1593470525
357,Coquimbo,-29.95,-71.34,55.4,93,90,8.05,CL,1593470717
358,Clyde River,70.47,-68.59,41.0,86,20,18.34,CA,1593470717
359,Honningsvåg,70.98,25.97,41.11,78,99,20.45,NO,1593470717
360,Xinyu,27.8,114.93,78.87,93,100,0.76,CN,1593470717
361,Emerald,-23.53,148.17,57.2,76,90,6.93,AU,1593470717
362,Pacific Grove,36.62,-121.92,75.0,49,1,11.41,US,1593470570
363,Fort Nelson,58.81,-122.7,75.2,38,90,4.7,CA,1593470472
364,Akşehir,38.36,31.42,66.15,45,0,4.85,TR,1593470718
365,Vero Beach,27.64,-80.4,89.6,70,1,10.29,US,1593470460
366,Aklavik,68.22,-135.01,73.4,31,40,6.93,CA,1593470718
367,Mandalgovi,45.76,106.27,61.39,65,3,13.04,MN,1593470718
368,Batagay,67.63,134.63,65.03,33,52,8.01,RU,1593470718
369,Cham,47.18,8.46,59.0,82,20,2.35,CH,1593470718
370,Seddon,-37.81,144.89,48.99,81,100,5.82,AU,1593470719
371,Alice Springs,-23.7,133.88,39.2,55,14,6.93,AU,1593470719
372,Mudanjiang,44.58,129.6,64.89,87,100,2.73,CN,1593470719
373,Geraldton,-28.77,114.6,57.2,93,90,9.17,AU,1593470719
374,Acapulco de Juárez,16.86,-99.89,89.6,62,20,6.93,MX,1593470423
375,Keelung,25.13,121.74,91.0,74,75,2.24,TW,1593470719
376,Mokhsogollokh,61.47,128.92,75.4,51,0,5.35,RU,1593470719
377,Malpe,13.35,74.72,75.2,100,75,4.7,IN,1593470719
378,North Bend,43.41,-124.22,70.0,68,1,13.87,US,1593470719
379,Zhigansk,66.77,123.37,68.58,49,93,15.73,RU,1593470719
380,Aberfoyle,-30.27,152.02,44.62,82,0,2.04,AU,1593470719
381,Koungou,-12.73,45.2,73.4,88,26,2.24,YT,1593470720
382,Yanam,16.73,82.22,81.32,89,100,2.39,IN,1593470720
383,Nanortalik,60.14,-45.24,41.47,87,55,9.53,GL,1593470720
384,Riverton,40.52,-111.94,64.0,44,40,3.71,US,1593470720
385,Guerrero Negro,27.98,-114.06,73.71,55,0,16.37,MX,1593470720
386,Isangel,-19.55,169.27,77.0,65,40,9.17,VU,1593470720
387,Opunake,-39.46,173.86,53.01,69,93,5.99,NZ,1593470720
388,Dagana,16.52,-15.51,86.0,62,0,4.7,MR,1593470721
389,Chicama,-7.84,-79.15,66.18,75,25,9.35,PE,1593470721
390,Roald,62.58,6.13,57.2,82,68,9.17,NO,1593470721
391,Ternate,0.8,127.4,79.83,77,100,2.95,ID,1593470721
392,Genhe,50.78,121.52,63.48,79,3,2.8,CN,1593470721
393,Savino,56.59,41.22,45.07,88,1,1.14,RU,1593470721
394,Deputatsky,69.3,139.9,52.5,45,100,2.15,RU,1593470721
395,Hay River,60.82,-115.8,64.4,55,40,12.75,CA,1593470526
396,Ferrol,43.48,-8.24,63.0,77,75,3.36,ES,1593470722
397,Umm Kaddadah,13.6,26.69,91.65,28,4,9.6,SD,1593470722
398,Rapid Valley,44.06,-103.15,96.8,24,1,4.7,US,1593470722
399,Port Elizabeth,-33.92,25.57,60.8,77,75,18.34,ZA,1593470722
400,Amilly,47.97,2.77,59.0,74,6,6.69,FR,1593470722
401,Umeå,63.83,20.26,59.0,93,45,8.05,SE,1593470722
402,Lorengau,-2.02,147.27,83.46,76,9,6.06,PG,1593470722
403,Behshahr,36.69,53.55,64.4,88,12,4.7,IR,1593470722
404,Bayir,37.27,28.22,68.0,82,0,3.36,TR,1593470722
405,Thinadhoo,0.53,72.93,84.54,68,71,5.35,MV,1593470723
406,La Rochelle,46.17,-1.15,60.8,72,20,8.05,FR,1593470723
407,Sokoto,13.06,5.24,76.05,81,100,28.61,NG,1593470723
408,Port Moresby,-9.44,147.18,78.8,83,75,23.04,PG,1593470723
409,Ndendé,-2.4,11.36,69.67,82,83,3.11,GA,1593470723
410,Namtsy,62.72,129.67,75.2,44,3,11.18,RU,1593470723
411,Lagoa,39.05,-27.98,67.35,96,0,10.45,PT,1593470723
412,Alta Floresta,-9.88,-56.09,73.96,53,0,3.2,BR,1593470483
413,West Bay,19.37,-81.42,89.6,75,20,13.87,KY,1593470724
414,Östersund,63.18,14.64,57.2,87,10,5.82,SE,1593470724
415,Yueyang,29.33,113.09,75.51,94,36,3.29,CN,1593470724
416,Yumen,40.28,97.2,67.64,38,98,22.59,CN,1593470724
417,Valdivia,-39.81,-73.25,46.4,100,75,2.24,CL,1593470724
418,Nouakchott,18.09,-15.98,78.8,78,0,12.75,MR,1593470593
419,Zarzal,4.39,-76.07,72.61,83,97,3.8,CO,1593470724
420,Talcahuano,-36.72,-73.12,53.6,87,75,6.93,CL,1593470725
421,Feuchtwangen,49.17,10.33,59.0,100,20,3.36,DE,1593470725
422,Yerbogachën,61.28,108.01,72.39,59,5,1.92,RU,1593470725
423,Haapiti,-17.57,-149.87,82.4,54,20,5.82,PF,1593470725
424,Palmer,42.16,-72.33,72.0,83,75,6.93,US,1593470725
425,Guayaramerín,-10.84,-65.36,75.99,68,70,1.52,BO,1593470725
426,Nabire,-3.37,135.48,77.5,87,100,3.06,ID,1593470725
427,Caldwell,43.66,-116.69,57.2,87,90,10.29,US,1593470725
428,Kolyvan',55.31,82.74,60.8,67,10,6.71,RU,1593470726
429,Piaçabuçu,-10.41,-36.43,74.55,88,14,7.9,BR,1593470726
430,Porbandar,21.64,69.61,84.07,76,100,7.94,IN,1593470726
431,Makkah al Mukarramah,21.43,39.83,89.46,22,51,4.94,SA,1593470726
432,Pandan,14.05,124.17,82.09,76,73,5.84,PH,1593470495
433,Batagay-Alyta,67.8,130.41,66.04,40,7,1.95,RU,1593470726
434,Oodweyne,9.41,45.06,75.45,56,60,16.31,SO,1593470726
435,Ségou,13.43,-6.22,92.21,34,43,7.49,ML,1593470726
436,Moindou,-21.69,165.68,64.4,82,75,6.93,NC,1593470727
437,Coahuayana Viejo,18.73,-103.68,89.6,59,40,11.41,MX,1593470727
438,Morro Bay,35.37,-120.85,78.01,71,5,7.0,US,1593470727
439,Grand-Santi,4.25,-54.38,75.0,93,49,4.23,GF,1593470727
440,Ishigaki,24.34,124.16,84.2,89,40,17.22,JP,1593470727
441,Villazón,-22.09,-65.59,46.8,36,19,21.85,BO,1593470727
442,Port Augusta,-32.5,137.77,50.0,52,0,17.22,AU,1593470727
443,Shamkhal,43.06,47.34,75.2,25,23,4.47,RU,1593470727
444,Ayagoz,47.97,80.44,51.49,46,0,2.93,KZ,1593470728
445,Navoiy,40.08,65.38,75.2,29,91,11.41,UZ,1593470728
446,Pundaguitan,6.37,126.17,81.81,72,45,3.4,PH,1593470728
447,Aras,42.56,-2.36,64.4,77,4,1.12,ES,1593470728
448,Araçatuba,-21.21,-50.43,69.3,73,89,4.83,BR,1593470728
449,Kulhudhuffushi,6.62,73.07,82.69,81,99,12.57,MV,1593470728
450,Vysokogornyy,50.12,139.15,58.95,81,61,1.48,RU,1593470728
451,Pitimbu,-7.47,-34.81,75.2,83,54,5.82,BR,1593470728
452,Kozhevnikovo,56.26,83.97,57.52,71,21,8.01,RU,1593470729
453,Gao,16.64,1.64,94.06,17,10,8.63,ML,1593470729
454,Lentekhi,42.79,42.73,63.05,72,82,0.83,GE,1593470729
455,Río Gallegos,-51.62,-69.22,19.4,92,0,4.52,AR,1593470729
456,Biak,-0.91,122.88,76.51,80,97,5.48,ID,1593470729
457,Schruns,47.07,9.95,62.01,87,42,1.32,AT,1593470729
458,Meulaboh,4.14,96.13,75.88,88,100,5.01,ID,1593470729
459,Huron,41.15,-82.55,86.0,42,1,3.36,US,1593470729
460,Port Macquarie,-31.43,152.92,50.0,92,5,5.21,AU,1593470730
461,Ljungby,56.83,13.94,55.0,87,44,4.7,SE,1593470730
462,Hoquiam,46.98,-123.89,61.0,82,90,13.87,US,1593470730
463,Ulaangom,49.98,92.07,65.95,58,99,11.74,MN,1593470730
464,Mongomo,1.63,11.31,66.78,98,67,2.68,GQ,1593470730
465,Broken Hill,-31.95,141.43,39.2,69,0,10.29,AU,1593470730
466,Kumul,42.8,93.45,67.14,45,100,13.62,CN,1593470730
467,Ambilobe,-13.2,49.05,67.44,88,6,2.82,MG,1593470730
468,Mokhotlong,-29.29,29.07,34.14,70,1,0.94,LS,1593470731
469,Hasaki,35.73,140.83,75.2,83,75,8.05,JP,1593470731
470,Brixen,46.72,11.66,55.0,90,0,1.01,IT,1593470731
471,Chimoré,-16.98,-65.13,69.85,87,29,1.14,BO,1593470731
472,Castelnaudary,43.32,1.95,68.0,77,20,5.82,FR,1593470731
473,Inhambane,-23.86,35.38,65.89,68,0,6.08,MZ,1593470731
474,Mackay,-21.15,149.2,64.99,93,90,14.99,AU,1593470731
475,Baykit,61.67,96.37,55.36,86,100,1.48,RU,1593470732
476,Nueva Guinea,11.69,-84.46,76.05,92,100,8.81,NI,1593470732
477,Dăeşti,44.97,24.13,65.97,75,4,3.6,RO,1593470732
478,Turbat,26.0,63.04,82.18,81,42,3.85,PK,1593470732
479,Tam Ky,15.57,108.48,78.8,83,75,2.24,VN,1593470732
480,Kutum,14.2,24.67,76.1,47,6,6.22,SD,1593470732
481,Ciudad Bolivar,8.12,-63.55,86.92,51,21,10.07,VE,1593470732
482,Haines Junction,60.75,-137.51,62.85,41,71,4.92,CA,1593470646
483,Caxias do Sul,-29.17,-51.18,54.0,93,100,8.01,BR,1593470595
484,Amboasary,-25.03,46.38,63.5,90,0,2.42,MG,1593470732
485,Linda,39.13,-121.55,89.6,19,1,13.87,US,1593470733
486,Ilām,26.92,87.92,64.98,90,11,2.62,NP,1593470733
487,Raudeberg,61.99,5.14,55.0,91,59,13.67,NO,1593470733
488,Balad,34.02,44.15,87.4,17,0,10.02,IQ,1593470733
489,Bajil,15.06,43.29,89.15,56,31,1.21,YE,1593470733
490,Kemin,42.78,75.69,57.09,39,41,9.08,KG,1593470733
491,Biltine,14.53,20.92,82.56,55,42,15.32,TD,1593470733
492,Emba,48.83,58.14,65.37,68,100,4.61,KZ,1593470734
493,Pitsunda,43.16,40.34,68.0,88,40,4.47,GE,1593470734
494,Weihai,37.5,122.11,68.85,81,85,12.35,CN,1593470734
495,Nhulunbuy,-12.23,136.77,69.8,100,0,11.32,AU,1593470734
496,Mbandaka,0.05,18.26,70.52,95,84,1.25,CD,1593470734
497,Coari,-4.08,-63.14,75.99,89,92,0.89,BR,1593470487
498,Porto-Novo,6.5,2.6,80.6,83,40,12.75,BJ,1593470734
499,Shache,38.42,77.24,66.61,22,3,7.27,CN,1593470734
500,Auki,-8.77,160.7,84.61,64,49,1.45,SB,1593470734
501,Gamovo,57.87,56.11,50.0,87,90,6.71,RU,1593470735
502,Niquelândia,-14.47,-48.46,69.89,46,16,6.46,BR,1593470735
503,Santiago del Estero,-27.8,-64.26,57.16,52,95,2.95,AR,1593470735
504,Korla,41.76,86.15,61.95,32,0,6.15,CN,1593470735
505,Suoyarvi,62.08,32.35,49.24,65,95,6.76,RU,1593470735
506,Wollongong,-34.43,150.88,51.01,92,0,1.01,AU,1593470735
507,Hājīganj,23.25,90.86,79.05,89,98,6.62,BD,1593470735
508,Uppsala County,60.0,17.75,59.0,77,100,3.02,SE,1593470735
509,Saint-Pierre,-21.34,55.48,68.0,68,8,8.05,RE,1593470736
510,Hadejia,12.45,10.04,82.89,61,75,8.59,NG,1593470736
511,Harrison,30.41,-89.04,87.01,70,20,10.29,US,1593470736
512,Bilma,18.69,12.92,87.35,12,0,8.12,NE,1593470736
513,Pisco,-13.7,-76.22,66.2,72,4,17.22,PE,1593470736
514,San Francisco,37.77,-122.42,75.2,41,1,17.22,US,1593470445
515,Port Keats,-14.25,129.55,68.27,32,79,8.84,AU,1593470736
516,La Romana,18.43,-68.97,82.4,88,75,9.93,DO,1593470736
517,Safaga,26.73,33.94,84.78,37,0,6.17,EG,1593470736
518,Mookane,-23.69,26.66,50.76,45,0,2.26,BW,1593470737
519,Lethem,3.38,-59.8,77.92,86,100,1.52,GY,1593470737
520,Caluquembe,-13.78,14.68,52.52,44,0,3.38,AO,1593470737
521,Langham,52.37,-106.97,66.2,68,90,12.75,CA,1593470585
522,Rawson,-43.3,-65.1,44.98,89,100,20.29,AR,1593470686
523,Bodaybo,57.85,114.19,68.16,75,56,0.36,RU,1593470737
524,Kalianget,-7.05,113.93,79.2,79,18,9.08,ID,1593470737
525,Colón,9.36,-79.9,79.0,88,95,5.01,PA,1593470737
526,Toamasina,-18.17,49.38,68.97,86,36,2.68,MG,1593470737
527,Port Hawkesbury,45.62,-61.35,64.4,93,90,8.05,CA,1593470738
528,Sai Buri,6.7,101.62,78.1,86,100,3.02,TH,1593470738
529,Altamont,42.21,-121.74,72.0,26,1,11.41,US,1593470738
530,Al Bardīyah,31.76,25.09,71.82,88,0,16.93,LY,1593470738
531,Bahir Dar,11.59,37.39,62.11,89,97,2.59,ET,1593470738
532,Ballater,57.05,-3.04,52.0,90,93,3.0,GB,1593470542
533,Burnie,-41.07,145.92,48.99,87,100,3.0,AU,1593470738
534,Trairi,-3.28,-39.27,78.26,80,66,11.21,BR,1593470738
535,Mbour,14.42,-16.96,80.6,74,40,9.17,SN,1593470739
536,Vangaindrano,-23.35,47.6,65.75,91,50,4.25,MG,1593470739
537,Shenjiamen,29.96,122.3,72.59,89,90,8.99,CN,1593470739
538,Kem',64.96,34.58,52.77,63,51,11.9,RU,1593470739
539,Baijiantan,45.63,85.18,60.73,60,100,5.41,CN,1593470739
540,Praia,14.92,-23.51,77.0,73,20,12.75,CV,1593470713
541,São José da Coroa Grande,-8.9,-35.15,75.6,81,2,6.6,BR,1593470739
542,Oriximiná,-1.77,-55.87,79.48,78,62,1.39,BR,1593470739
543,Mahabalipuram,12.63,80.17,84.2,79,40,10.29,IN,1593470739
544,Srednekolymsk,67.45,153.68,56.62,40,10,11.54,RU,1593470740
545,Olinda,-8.01,-34.86,78.8,74,20,6.93,BR,1593470483
546,Barabai,-2.58,115.38,73.31,88,57,1.3,ID,1593470740
547,Barcelos,41.54,-8.62,71.01,82,0,3.36,PT,1593470740
548,Daru,-9.08,143.21,78.24,81,96,18.25,PG,1593470740
549,Mapiripán,2.89,-72.13,77.13,84,70,2.37,CO,1593470740
550,Zamora,-4.07,-78.96,70.2,73,73,2.06,EC,1593470741
551,São Lourenço do Sul,-31.37,-51.98,55.99,93,100,3.0,BR,1593470741
552,Cepu,-7.15,111.59,72.34,87,15,3.38,ID,1593470741
